"conversation_id_str","created_at","favorite_count","full_text","id_str","image_url","in_reply_to_screen_name","lang","location","quote_count","reply_count","retweet_count","tweet_url","user_id_str","username"
"1960647178650837076","Wed Aug 27 10:14:49 +0000 2025","18439","Demo Bubarkan @DPR_RI mendunia Gak malu kelen para wakil rakyat. Yg ktnya wakil tp justru bikin ancur Indonesia..... https://t.co/roVbK0pSDG","1960647178650837076","https://pbs.twimg.com/ext_tw_video_thumb/1960647138104500225/pu/img/VjiHUab6p0q8ynyq.jpg","","in","","310","123","8621","https://x.com/undefined/status/1960647178650837076","929287558281830400",
"1962235226241065065","Sun Aug 31 19:29:20 +0000 2025","43","Lalu di 25 Agustus ada Demo Revolusi Rakyat Indonesia di depan Gedung DPR dengan atribut khas mereka bendera One piece. Alibinya Ferry kelompok mereka batal datang demo tapi entah lupa kemudian dia bilang sendiri kalau datang di ikutan demo di 25 Agustus. Lanjut https://t.co/0v7iXUpMSj","1962236281917935948","https://pbs.twimg.com/media/GztDdT3a4AAMjrY.jpg","tekarok007","in","","1","7","11","https://x.com/undefined/status/1962236281917935948","1184695438365974528",
"1961601626021736898","Sat Aug 30 01:27:27 +0000 2025","278","#PolisiDanPendemoAdalahKorban Mrk para anggota DPR itu yg menjadi pemicu demo eh sekarang mrk pula yg menunggangi demo dan melakukan pengalihan isu. Tetap fokus pd tuntutan awal utk membatalkan kenaikan tunjangan para anggota DPR bila perlu hilangkan tunjangan aneh2 itu! https://t.co/S4LpQ1HFC0","1961601626021736898","https://pbs.twimg.com/media/GzkCO-paAAAjpOF.jpg","","in","","2","35","123","https://x.com/undefined/status/1961601626021736898","869327120",
"1959918930312737257","Mon Aug 25 10:01:01 +0000 2025","1348","Setuju sama ibu ini bubarkan DPR yang menyiksa rakyat demo di gedung DPR RI dipenuhi rakyat yg ingin menyampaikan aspirasinya jangan tertipu pengalihan isu masalaha arhan dan Azizah salsha y we focus demo tegakkan demokrasi https://t.co/qJxxGGOSqO","1959918930312737257","https://pbs.twimg.com/amplify_video_thumb/1959918745994055680/img/NKdu9FMw7YjCvW_s.jpg","","in","","4","28","251","https://x.com/undefined/status/1959918930312737257","1219640316526907393",
"1962069382986924516","Sun Aug 31 08:26:09 +0000 2025","211","Demo DPR akumulasi kekecewaan rakyat dari era Jokowi.. https://t.co/AtB8ohf5vf","1962069382986924516","https://pbs.twimg.com/ext_tw_video_thumb/1962069156108607488/pu/img/WElxN714piAUnEUP.jpg","","in","","1","2","61","https://x.com/undefined/status/1962069382986924516","1826886526657318912",
"1959835660417978406","Mon Aug 25 04:30:08 +0000 2025","661","Pengemudi ojek online (ojol) yang mengikuti demo 25 Agustus 2025 meminta para anggota DPR RI memperhatikan nasib rakyat dibandingkan kepentingan peribadinya sendiri. Baca selengkapnya https://t.co/Qde67LAKmJ ~LL #Demo #DPR https://t.co/RTL6GKxHWp","1959835660417978406","https://pbs.twimg.com/media/GzK8GWKagAAGDi3.jpg","","in","","5","7","176","https://x.com/undefined/status/1959835660417978406","23343960",
"1961012895900442679","Thu Aug 28 10:28:02 +0000 2025","792","Demo Buruh 28/8/2025 gedung DPR 'kosong'. Situasi sore ini: https://t.co/YpKWWJdnm9","1961012895900442679","https://pbs.twimg.com/media/GzbqsSkbwAAVZ9X.jpg","","in","","12","15","244","https://x.com/undefined/status/1961012895900442679","46523425",
"1959941061595333068","Mon Aug 25 11:28:57 +0000 2025","820","DARI SISI LAIN DEMO 25/8/2025 DEPAN DPR... MASSA AKSI MELAMPIASKAN KEKECEWAAN DAN KEMARAHAN PADA MOBIL YANG DIDUGA ANGGOTA DPR...‚ÄºÔ∏è #DesakPrabowoBubarkanDPR #DesakPrabowoBubarkanDPR üÜòüÜó https://t.co/Z9MPBan6ez","1959941061595333068","https://pbs.twimg.com/ext_tw_video_thumb/1959940939805507584/pu/img/0QmKrvIClmtHKOkW.jpg","","in","","14","81","310","https://x.com/undefined/status/1959941061595333068","1630749805734678529",
"1960973497838264554","Thu Aug 28 07:51:29 +0000 2025","2539","Hari ini mahasiswa melakukan aksi demo lagi didepan gedung DPR RI Mereka melakukan aksi damai dan tertib . Harusnya pejabat negara menemui mereka dnger aspirasi rakyat . Mereka uda melakukan aksi demokrasi tertib . Mana kata puan pintu DPR terbuka lebar ? Masih dikunci https://t.co/m3YNacxWO3","1960973497838264554","https://pbs.twimg.com/amplify_video_thumb/1960973187191332866/img/pQcSnMvnCChw8V6S.jpg","","in","","17","41","562","https://x.com/undefined/status/1960973497838264554","1219640316526907393",
"1960158132639875253","Tue Aug 26 01:51:31 +0000 2025","550","BUBARKAN DPR HANYA PENYIKSA RAKYAT... IKUTI AKSI DEMO DI DEPAN GEDUNG DPR RI IBU-IBU INI SECARA TEGAS MEMBERIKAN SINDIRAN DPR ITU DEWAN PENYIKSA RAKYAT...‚ÄºÔ∏è #DesakPrabowoBubarkanDPR #DesakPrabowoBubarkanDPR üÜòüÜó https://t.co/6dnPvvwU2F","1960158132639875253","https://pbs.twimg.com/ext_tw_video_thumb/1960158104072675328/pu/img/xbls-Tq6AChIuHdJ.jpg","","in","","6","20","216","https://x.com/undefined/status/1960158132639875253","1630749805734678529",
"1960584747031388430","Wed Aug 27 06:06:44 +0000 2025","2431","Mendunia demo di Gedung DPR RI tanggal 25 Agustus 2025. https://t.co/FlY3ypA8hU","1960584747031388430","https://pbs.twimg.com/ext_tw_video_thumb/1960584617410617349/pu/img/9Cg2saijHX7NsJ-7.jpg","","in","","11","11","636","https://x.com/undefined/status/1960584747031388430","1729354223614304256",
"1961813703839633437","Sat Aug 30 15:30:10 +0000 2025","240","Kayaknya Bakalan Ramei lagi nih. . .!! masa Demo udah mulai berkumpul memadati jalan di depan Gedung DPRRI Jkt Hari Sabtu malam ini tgl.30 Agst 2025. Kita doakan tidak banyak yg mengalami korban kekerasan. https://t.co/xCCUXJI8tR","1961813703839633437","https://pbs.twimg.com/ext_tw_video_thumb/1961813640786685952/pu/img/pbd4tAvy-MaUTgJv.jpg","","in","","0","7","112","https://x.com/undefined/status/1961813703839633437","1667233216091279363",
"1959881738345201820","Mon Aug 25 07:33:13 +0000 2025","9922","Pokoknya fokus sama demo depan gedung DPR RI masalah cerai ARHAN DAN AZIZAH SALSHA SKIP DLU GA PENTING yg penting damai tanah air tegakkan demokrasi puan maharani kenapa gerbang gedung dpr di di tutup serapat itu rakyat mau menyampaikan ASPIRASI https://t.co/8Mbcfp4do8","1959881738345201820","https://pbs.twimg.com/amplify_video_thumb/1959881719542325248/img/CCfpPPU9nqtHQA2l.jpg","","in","","53","181","1916","https://x.com/undefined/status/1959881738345201820","1219640316526907393",
"1960905133761683617","Thu Aug 28 03:19:50 +0000 2025","1142"," Media Internasional Soroti Demo Menentang Kenaikan Tunjangan DPR di Tengah Ekonomi Sulit Tanggal: Senin ga 25 Agustus 2025 Lokasi: Depan Gedung DPR RI Jakarta https://t.co/qXmpzwn9DE","1960905133761683617","https://pbs.twimg.com/ext_tw_video_thumb/1960904634190716928/pu/img/FcfHzUrHO8w0UYPA.jpg","","in","","16","22","371","https://x.com/undefined/status/1960905133761683617","1484915755678580739",
"1962029525052936237","Sun Aug 31 05:47:46 +0000 2025","333","bisa teman-teman lihat semuanya pada tanggal 29 agustus 2025 kami melaksanakan aksi demo di depan gedung dprd provinsi bengkulu. pada saat ini massa sedang tenang dan TIDAK MELAKUKAN KEANARKISAN APAPUN. tapi apa? kami masih ditembaki gas air mata! sc tertera. https://t.co/QGDfg4Fyzv","1962029525052936237","https://pbs.twimg.com/ext_tw_video_thumb/1962029281552535552/pu/img/aQZ0nGuLPjIHXf9x.jpg","","in","","6","3","172","https://x.com/undefined/status/1962029525052936237","1806599704165388288",
"1959854209677058197","Mon Aug 25 05:43:50 +0000 2025","4134","Pantauan Demo di Gedung DPR RI tanggal 25 Agustus 2025 per timelapse 12.30-12.42 WIB Source: YouTube Live SindoNews dan Metro TV https://t.co/AR4I00waqx","1959854209677058197","https://pbs.twimg.com/media/GzLM-tragAAw7No.jpg","","in","","48","49","1118","https://x.com/undefined/status/1959854209677058197","1922143034713444353",
"1961399070976872511","Fri Aug 29 12:02:34 +0000 2025","1184","JK Ungkap Penyebab Demo: Anggota DPR Bicara Asal-asalan dan Hina Rakyat https://t.co/K3oRFJfYsp","1961399070976872511","","","in","","18","35","451","https://x.com/undefined/status/1961399070976872511","3319260420",
"1962283460112109648","Sun Aug 31 22:36:49 +0000 2025","4439","SEPULUH TUNTUTAN RAKYAT UNTUK INDONESIA (SEPULTURA) (Demo 1 September 2025 serentak di seluruh kota di Indonesia) 1. Copot Kapolri dan Reformasi Polri 2. ‚Å†Batalkan RUU Kenaikan Gaji DPR RI 3. ‚Å†TOLAK dan Batalkan RUU KUHAP 2025 4. ‚Å†SAH kan RUU Perampasan aset Koruptor menjadi","1962283460112109648","","","in","","65","299","2134","https://x.com/undefined/status/1962283460112109648","1117990249806721024",
"1960994969944309817","Thu Aug 28 09:16:49 +0000 2025","529","Buruh Injak-injak Spanduk Bergambar Zulkifli Hasan dan Eko Patrio saat Demo di Depan Gedung DPR Sumber yt Tribunnews https://t.co/CFWnPigKRO","1960994969944309817","https://pbs.twimg.com/ext_tw_video_thumb/1960994594289836033/pu/img/ZSlCzLUG6MJ6tL74.jpg","","in","","7","24","158","https://x.com/undefined/status/1960994969944309817","1424513138209157121",
"1959898127638712787","Mon Aug 25 08:38:21 +0000 2025","245","Ditengah seruan #demo di medaos DPR dijaga ketat Polisi pembatas berlumur oli. Puan membuka pintu dialog tapi kok akses masuk Gedung DPR RI sepertinya tak diberi akses utk dialog. Gimana mau denger aspirasi akses sdh diblokade plus oli. Parcok memang telmi similikiti https://t.co/VRopZfMxzX","1959898127638712787","https://pbs.twimg.com/ext_tw_video_thumb/1959897888986910720/pu/img/KuQShCmTcd35HbjA.jpg","","in","","8","17","94","https://x.com/undefined/status/1959898127638712787","1628338800362672128",
"1961009238479626376","Thu Aug 28 10:13:30 +0000 2025","239","Massa aksi mahasiswa dipukul mundur ke dua arah. Sebagian massa dari Gerbang Pancasila digiring mundur ke arah Tomang/Grogol. Sementara itu massa dari depan Gedung DPR didorong ke arah sebaliknya sekitaran Senayan Park. #liputan6dotcom #Lip6driz #demo https://t.co/b03boLX7CO","1961009238479626376","https://pbs.twimg.com/ext_tw_video_thumb/1961009020510121984/pu/img/qEoQzV7zHW-TcfHs.jpg","","in","","7","5","174","https://x.com/undefined/status/1961009238479626376","47596019",
"1959772939345404167","Mon Aug 25 00:20:54 +0000 2025","259","TGL 25 AGS - 2025 AKSI DEMO BESAR2AN MENGUSIR TIKUS- TIKUS DPR .KARNA RAKYAT SUDAH MUAK https://t.co/LuTwN80cdD","1959772939345404167","https://pbs.twimg.com/ext_tw_video_thumb/1959772855765442560/pu/img/tcgsd4fV_iA-EWGU.jpg","","in","","6","8","133","https://x.com/undefined/status/1959772939345404167","1667233216091279363",
"1961042992598511704","Thu Aug 28 12:27:38 +0000 2025","665","Massa buruh menyampaikan 6 tuntutan dari Hapus Outsourcing dan Tolak Upah Murah hingga Redesain Sistem Pemilu 2029. Namun sejak siang tadi sebagian besar buruh yang turun ke jalan sejak pagi telah meninggalkan lokasi demonstrasi. Mahasiswa dan elemen masyarakat mengambil alih https://t.co/RArj4jiBWQ","1961042992598511704","https://pbs.twimg.com/amplify_video_thumb/1961042872536530944/img/P41CdUVjU5b52p4G.jpg","","in","","3","7","272","https://x.com/undefined/status/1961042992598511704","1158355819512991747",
"1961728129837502969","Sat Aug 30 09:50:07 +0000 2025","209","Ini baru menyala ketika anggota DPR RI pada kabur liburan ke luar negeri saat rakyat demo . Ini massa nyerbu rumah Ahmad sahroni orang terpintar yg ngatain RAKYAT TOLOL . Nah jgn rusak fasilitas umum . Ini baru tepat sasaran guys ga usah jarah tempat umum . Disini aja https://t.co/QAVSjVDNPj","1961728129837502969","https://pbs.twimg.com/amplify_video_thumb/1961727977097674752/img/JrUMMQ9DJz25hSh5.jpg","","in","","0","11","32","https://x.com/undefined/status/1961728129837502969","1219640316526907393",
"1961631781872161216","Sat Aug 30 03:27:16 +0000 2025","397","Aksi heroik seorang ibu berkerudung pink mencuri perhatian saat demo di depan Gedung DPR RI Jakarta Kamis (28/8). Di tengah hujan deras dan barisan aparat ia berdiri tegak bersama Merah Putih lantang menyuarakan keresahan yang terlalu sering diabaikan #popbelanews #demo https://t.co/W6M7lyNdOm","1961631781872161216","https://pbs.twimg.com/media/Gzkds9SbkAA8v7K.jpg","","in","","3","3","94","https://x.com/undefined/status/1961631781872161216","1079628559",
"1959842127703384133","Mon Aug 25 04:55:50 +0000 2025","628","AYO REVOLUSI... INDONESIA BERGUNCANG RIBUAN MASSA TURUN KE JALAN MENUNTUT DPR DI BUBARKAN... #DesakPrabowoBubarkanDPR #DesakPrabowoBubarkanDPR üÜòüÜó https://t.co/kQ5vRWu4FI","1959842127703384133","https://pbs.twimg.com/ext_tw_video_thumb/1959842070811844608/pu/img/z0sL_P5tRtxWYnSO.jpg","","in","","8","33","267","https://x.com/undefined/status/1959842127703384133","1916811115277008897",
"1961064379673202848","Thu Aug 28 13:52:37 +0000 2025","1182","Demo buruh dan #mahasiswa di depan gedung DPR RI hingga malam ini masih berlangsung 28 Agustus 2025 Halte Bendungan Hilir dibakar masa Tag: Ya Allah malam ini aku error https://t.co/foKJNIS2b6","1961064379673202848","https://pbs.twimg.com/ext_tw_video_thumb/1961064306008813569/pu/img/edIBnQ4TND_J778U.jpg","","in","","8","21","305","https://x.com/undefined/status/1961064379673202848","1235027923834265600",
"1960493179662426401","Wed Aug 27 00:02:52 +0000 2025","650","Demo 28 Agustus 2025 Serentak di 38 Provinsi 6 Tuntutan Buruh 1. Hapus Outsourcing 2. Stop PHK 3. Reformasi pajak perburuhan 4. Sahkan RUU ketenahakerjaan 5. Sahkan RUU Perampasan aset 6. Revisi RUU Pemilu Noted @DPR_RI @prabowo Ô∏è https://t.co/lIyuKMNx8I","1960493179662426401","https://pbs.twimg.com/ext_tw_video_thumb/1960493139766165504/pu/img/3DpS-mtIOlyvPNJY.jpg","","in","","6","39","261","https://x.com/undefined/status/1960493179662426401","929287558281830400",
"1961381950339654091","Fri Aug 29 10:54:32 +0000 2025","35700","reminder poin poin tuntutan demo: - penghapusan kenaikan gaji dan tunjangan DPR - hapus outsourcing - tolak upah murah - stop PHK dan bentuk satgas PHK - reformasi pajak perburuhan (naikkan PTKP menjadi 7.5 juta rupiah per bulan hapus pajak pesangon hapus pajak THR hapus","1961381950339654091","","","in","","257","34","33250","https://x.com/undefined/status/1961381950339654091","1244528517456396289",
"1960989736325308470","Thu Aug 28 08:56:01 +0000 2025","792","#Foto Massa mahasiswa menggelar demonstrasi di Gerbang Pancasila pintu belakang kompleks DPR. Mereka menuntut terkait kinerja dan gaji anggota DPR. &gt;&gt; https://t.co/gyL5LD1BZ6 Foto: Rifkianto Nugroho/detikcom https://t.co/Kt6mRaeJJr","1960989736325308470","https://pbs.twimg.com/media/GzbVk37aYAAO1lE.jpg","","in","","3","5","373","https://x.com/undefined/status/1960989736325308470","69183155",
"1960030618093535386","Mon Aug 25 17:24:49 +0000 2025","315","Nekat terobos demo di depan Gedung DPR RI mobil mewah anggota DPR RI ini hancur DIAMUK massa. #demo #dprri #bubarkandpr #prabowo https://t.co/SiGMK9uF92","1960030618093535386","https://pbs.twimg.com/ext_tw_video_thumb/1960030561067843584/pu/img/gbbQazslicXyPXzx.jpg","","in","","6","14","45","https://x.com/undefined/status/1960030618093535386","39074801",
"1961650576707797431","Sat Aug 30 04:41:57 +0000 2025","1232","Massa aksi demontrasi dikota solo semalam satu polisi jadi amukan pendemo. #BubarkanDPR #chaos #IndonesiaGelap https://t.co/kQyaQSCjyC","1961650576707797431","https://pbs.twimg.com/ext_tw_video_thumb/1961650497787711488/pu/img/wQoVJxNt7DojP9ri.jpg","","in","","13","38","348","https://x.com/undefined/status/1961650576707797431","358129877",
"1961237905088848365","Fri Aug 29 01:22:09 +0000 2025","3189","Pemicu terjadinya demo: - Eko Patrio - Uya Kuya - Sri Mulyani https://t.co/3c0A2DRGQ6","1961237905088848365","https://pbs.twimg.com/media/Gze3efhbkAAzYX4.jpg","","in","","13","66","629","https://x.com/undefined/status/1961237905088848365","194582998",
"1959863548265283911","Mon Aug 25 06:20:57 +0000 2025","382","Aksi demo di depan gedung DPR/MPR ricuh Senin (25/8/2025) siang. Polisi berusaha memukul mundur pendemo dengan menyemprotkan water canon ke arah massa. Aksi saling lempar batu terjadi dan menimbulkan kericuhan. Kendaraan taktis polisi terlihat di parkir di tengah jalan. Polisi https://t.co/GvVOtJbCr3","1959863548265283911","https://pbs.twimg.com/media/GzLVfi7WcAAW_W0.jpg","","in","","16","32","169","https://x.com/undefined/status/1959863548265283911","154102750",
"1960974052895686836","Thu Aug 28 07:53:42 +0000 2025","678","14.47 #LiputanSonora Aksi demo ratusan Mahasiswa di depan DPR terus berdatangan setelah sebelumnya aksi demo dilakukan oleh ribuan kelompok buruh. Saat ini pendemo tampak membakar seperti botol didepan pagar DPR. Via @bram92 https://t.co/bgdkI1fxNW","1960974052895686836","https://pbs.twimg.com/ext_tw_video_thumb/1960974023850110976/pu/img/4XTOViA8OWf2ua0q.jpg","","in","","17","20","294","https://x.com/undefined/status/1960974052895686836","180696019",
"1959888030375829563","Mon Aug 25 07:58:14 +0000 2025","1265","Dua orang massa demo 25 Agustus 2025 terbaring tepat di depan gerbang utama Gedung DPR RI usai dipukul mundur oleh polisi Senin (25/8/2025). Baca selengkapnya https://t.co/ayzbUCmYQr ~LL #Demo #DPR https://t.co/l6siG5z6Qu","1959888030375829563","https://pbs.twimg.com/media/GzLrxB1akAAe981.jpg","","in","","54","21","412","https://x.com/undefined/status/1959888030375829563","23343960",
"1961384835496182221","Fri Aug 29 11:06:00 +0000 2025","1079","Suasana demo hari ini di gedung dprd sumut bner2 chaos pendemo semuak itu dengan polisi brimob . Smua turun kejalan tegakkan demokrasi aparat bukan mengayomi malah jadi musuh masyarakat https://t.co/bj7Yun6iZ1","1961384835496182221","https://pbs.twimg.com/amplify_video_thumb/1961384673579585536/img/6ADyv0YXjl-ro_qC.jpg","","in","","7","22","279","https://x.com/undefined/status/1961384835496182221","1219640316526907393",
"1961342150555365655","Fri Aug 29 08:16:23 +0000 2025","417","Dewan Perwakilan Rakyat (DPR) dinilai bersikap tidak bijak dan terkesan pengecut karena tidak merespons aksi massa yang telah berlangsung pada Senin 25 dan Kamis 28 Agustus 2025. Peneliti Forum Masyarakat Peduli Parlemen Indonesia (FORMAPPI) Lucius Karus menilai selama empat https://t.co/n9hRiEp8oG","1961342150555365655","https://pbs.twimg.com/media/GzgWSU4bkAEYL-Y.jpg","","in","","11","32","199","https://x.com/undefined/status/1961342150555365655","41730943",
"1961386047994302510","Fri Aug 29 11:10:49 +0000 2025","310","GUYS DAPET UPDATE DEMO UNIV BANDUNG di depan posko medik kebakar dan udah mulai ricuh sampe pada kejar-kejaran mobil ambulans dihalangin tapi rumah dinas pemprov berhasil dibakar massa #BubarkanDPR #polisipembunuh #polisipembunuhrakyat #resetindonesia https://t.co/wclLLAgTiY","1961386047994302510","https://pbs.twimg.com/media/Gzg-L7KaIAA_eaG.jpg","","in","","4","6","161","https://x.com/undefined/status/1961386047994302510","1038285971639361536",
"1962083276639871017","Sun Aug 31 09:21:21 +0000 2025","12","Kemarahan Rakyat Membara di berbagai Daerah... Tolong dengarkan mereka dan respon sebaik mungkin agar masyarakat tenang ya Bpk/Ibu.. DPR RI Prabowo Sri Mulyani Luhut Sahroni Eko Patrio Uya Kuya Nafa Urbach Demo https://t.co/NAkfVmi6sL","1962083276639871017","https://pbs.twimg.com/media/Gzq4V32aQAAQkZG.jpg","","in","","0","0","7","https://x.com/undefined/status/1962083276639871017","108435397",
"1962114030543446058","Sun Aug 31 11:23:33 +0000 2025","5","penjarahan itu gak dibenarkan dalam konteks apa pun tapi jika kita melihat akarnya dari awal mula demo sampai tragedi meninggalnya mendiang Affan sampai kemudian merambat ke rumah Sahroni dll itu berawal dari 'kearoganan dan keengganan DPR menghampiri rakyat'.","1962114030543446058","","","in","","0","1","1","https://x.com/undefined/status/1962114030543446058","1744610460253732864",
"1961408391785644212","Fri Aug 29 12:39:36 +0000 2025","687"," DPR RI akan terus berbenah dalam mendengar aspirasi rakyat ujar Ketua DPR Puan Maharani. Atas nama seluruh anggota dan pimpinan DPR RI kami meminta maaf apabila belum sepenuhnya dapat menjalankan tugas kami sebagai wakil rakyat kata Puan. Baca di sini: https://t.co/mDmzgk2CK3","1961408391785644212","https://pbs.twimg.com/media/GzhSAckaUAA5wAX.jpg","","in","","747","1088","135","https://x.com/undefined/status/1961408391785644212","23343960",
"1961447355036962945","Fri Aug 29 15:14:26 +0000 2025","3143","Ini adalah demo terseram di Makassar Gedung DPRD habis terbakar! #BubarkanDPR #polisipembunuh #DPR_DewanPenindasRakyat https://t.co/1ldgbp60Gh","1961447355036962945","https://pbs.twimg.com/ext_tw_video_thumb/1961447323126697986/pu/img/SfXb78xLb7EKuZzJ.jpg","","in","","49","55","877","https://x.com/undefined/status/1961447355036962945","1111829553683456000",
"1961035985409524155","Thu Aug 28 11:59:47 +0000 2025","392","DEMO 28/8/2025 RICUH... BENTROKAN PANAS DI ATAS REL MASSA VS POLISI DENGAN MOLOTOF DAN PETASAN...‚ÄºÔ∏è #RektorUGMPenjualIjazah #RektorUGMPenjualIjazah üÜòüÜó https://t.co/EeQvy4GWNs","1961035985409524155","https://pbs.twimg.com/ext_tw_video_thumb/1961035899665543168/pu/img/jdE5M96UO_f78_b3.jpg","","in","","3","16","171","https://x.com/undefined/status/1961035985409524155","1630749805734678529",
"1962106574077620635","Sun Aug 31 10:53:56 +0000 2025","18","Presiden Republik Indonesia Bapak @prabowo Subianto menegaskan bahwa aspirasi rakyat adalah suara yang wajib didengar. Segala tuntutan dan masukan yang disampaikan melalui demonstrasi dalam beberapa waktu terakhir telah diperhatikan oleh pemerintah bersama DPR RI. Sebagai https://t.co/3vZJKnXnr7","1962106574077620635","https://pbs.twimg.com/amplify_video_thumb/1962106489352671232/img/e0tDozFrx0TZGL6a.jpg","","in","","1","7","7","https://x.com/undefined/status/1962106574077620635","235931838",
"1962137389725278704","Sun Aug 31 12:56:23 +0000 2025","109","Rakyat ga perlu demo jika pemerintah dan DPR memikirkan yang terbaik buat rakyat bukan sebaliknya. Yang turun demo dan saban hari kritik juga lebih suka kalo semua dipermudah. Hidup di bawah susah yang atas bagi-bagi jabatan nambah-nambah tunjangan blah blah. Simple","1962137389725278704","","","in","","2","2","39","https://x.com/undefined/status/1962137389725278704","3168152976",
"1960298681078333493","Tue Aug 26 11:10:00 +0000 2025","279","Senin kmrin demo Jakarta di gedung dpr RI Selasa ini Medan berhasil robohkan pagar gedung dprd Sumut pokoknya Kawal terus BUBARKAN DPR . Jangan smpe termakan pengalihan isu cerai Arhan dan Azizah salsha ga penting https://t.co/ubLdxdx6nV","1960298681078333493","https://pbs.twimg.com/amplify_video_thumb/1960298391692615680/img/SJWXfgqu-5a3bdVB.jpg","","in","","0","12","71","https://x.com/undefined/status/1960298681078333493","1219640316526907393",
"1961579628297867627","Sat Aug 30 00:31:20 +0000 2025","1222","@txtdrimedia Hanya KDM pejabat yg berani temui Pendemo yg lain pada kemana? Terutama Ketua @DPR_RI si @puanmaharani_ri yg harus bertanggung jawab atas bobroknya kelakuan anggota DPR-RI si Sahroni Nasdem Eko Kuya PAN Sitorus PDIP. dll https://t.co/z6RTjaESM1","1961587506840997973","https://pbs.twimg.com/ext_tw_video_thumb/1961587404604923904/pu/img/QSaO0mSHG8D_ki_4.jpg","txtdrimedia","in","","43","260","134","https://x.com/undefined/status/1961587506840997973","870971133268447232",
"1961442652823720147","Fri Aug 29 14:55:44 +0000 2025","1178","Beberapa titik di Jakarta menyala depan Mako Brimob depan DPR RI depan Polda Metro Jaya dan sebuah halte. #Demo #DPRRI #DPR #Polda #Brimob #DPRBUBAR https://t.co/xW7cqZBUfU","1961442652823720147","https://pbs.twimg.com/ext_tw_video_thumb/1961442502801854469/pu/img/OORISFQI1Pq9FvYO.jpg","","in","","10","15","391","https://x.com/undefined/status/1961442652823720147","1476693997",
"1961617963360161959","Sat Aug 30 02:32:22 +0000 2025","757","Bapak Presiden @prabowo yth 1) penyebab demo krn rakyat MUAK atas beban hidup makin berat hilangnya harapan perabaikan arogansi dan gaya hidup hedonis pejabat/wakil rakyat. 2) selain itu rakyat menginginkan penggantian Kapolri dan Menteri-Menteri yg terindikasi korupsi serta","1961617963360161959","","","in","","7","47","344","https://x.com/undefined/status/1961617963360161959","1117990249806721024",
"1961052621495800271","Thu Aug 28 13:05:54 +0000 2025","230","Kericuhan sempat terjadi antara massa aksi demo dengan petugas kepolisian di depan Gedung DPR/MPR Jakarta Kamis (28/8) sore. Adapun massa aksi demo ternyata tak hanya dari kalangan anak muda emak-emak juga turut berunjuk rasa dan terlibat dalam kericuhan tersebut. Tampak https://t.co/deBd0a1L5R","1961052621495800271","https://pbs.twimg.com/media/GzcO9dzaUAALmEr.jpg","","in","","2","5","99","https://x.com/undefined/status/1961052621495800271","55507370",
"1961396180417659226","Fri Aug 29 11:51:05 +0000 2025","1861","Massa meneriakkan nama sejumlah anggota DPR melalui pengeras suara mulai dari Ahmad Sahroni Uya Kuya hingga Eko Patrio. Baca di sini: https://t.co/k5GSvH1Gum / #Demo #DPR https://t.co/CXjaLTw0AB","1961396180417659226","https://pbs.twimg.com/media/GzhHXUTbkAAvb4e.jpg","","in","","47","133","632","https://x.com/undefined/status/1961396180417659226","23343960",
"1962153650383696323","Sun Aug 31 14:00:59 +0000 2025","1","Presiden Prabowo Ajak Rakyat Suarakan Aspirasi Secara Damai Presiden Prabowo Subianto menyerukan kepada seluruh rakyat Indonesia untuk tetap menjaga ketertiban dalam menyampaikan aspirasi menyusul demonstrasi yang berujung ricuh hingga penjarahan rumah anggota DPR. https://t.co/sNvmCyRWaI","1962153650383696323","https://pbs.twimg.com/amplify_video_thumb/1962153407730548736/img/EHc_xvoInaBpSy04.jpg","","in","","0","0","0","https://x.com/undefined/status/1962153650383696323","1919442948653252608",
"1961403901481308207","Fri Aug 29 12:21:45 +0000 2025","202","Pantesan Anggota dHewan Sahroni Buru-buru Kabur Ke Singapura..!? Takut Dya Diamuk Rakyat! Massa Demo di DPR Cari Keberadaan Sahroni Uya Kuya dan Eko Patrio Massa meneriakkan nama sejumlah anggota DPR melalui pengeras suara mulai dari Ahmad Sahroni Uya Kuya hingga Eko https://t.co/VBGKDh6oZ0","1961403901481308207","https://pbs.twimg.com/media/GzhOdBQbkAIwEtW.jpg","","in","","3","22","66","https://x.com/undefined/status/1961403901481308207","1875086359578472450",
"1961535511392391406","Fri Aug 29 21:04:44 +0000 2025","744","Demo masih berlangsung di 04.03 dini hari menyebabkan pagar runtuh di jebol massa. Gedung DPR RI Jakarta https://t.co/UQD4LpwaPt","1961535511392391406","https://pbs.twimg.com/amplify_video_thumb/1961535442995859456/img/9hurMDEhhRcK7uf_.jpg","","in","","12","17","208","https://x.com/undefined/status/1961535511392391406","1517930619761618944",
"1961305913614127182","Fri Aug 29 05:52:23 +0000 2025","602","pad! jujur sedih polis* jadi kena provokasinya Lu kalo mau demo salahin dpr bukan poli*i yg ditugasin demo noh ke gedung dpr. memang pe*erintah b0brok Yang g0blok DP*R sama jajaran atasnya yang diadu domba pol*isi yang jadi korban nya rakyat hadeuh","1961305913614127182","","","in","","1304","1178","46","https://x.com/undefined/status/1961305913614127182","1734036638605733888",
"1961391727513833786","Fri Aug 29 11:33:23 +0000 2025","1556","Demo Bubarkan DPR Evaluasi Pejabat Korup dan Tindakan Kek3rasam Aparat Meningkat di Medan. Massa capai ribuan turun ke pusat kota di DPRD Sumut DPRD Medan Balai Kota Lapangan Merdeka Medan https://t.co/N1BICMQKmD","1961391727513833786","https://pbs.twimg.com/ext_tw_video_thumb/1961391623344099328/pu/img/LuOzqhdf0V44bcrr.jpg","","in","","15","23","540","https://x.com/undefined/status/1961391727513833786","1040306964100669440",
"1962292357459816725","Sun Aug 31 23:12:10 +0000 2025","120","Contoh buat DPR. katanya kan Wakil Rakyat . Rakyat dateng buat menyuarakan aspirasi lewat demo itupun sdh terjadwal gak tiba2 dateng kan? Buka pintu aja persilakan masuk dengarkan aspirasi mereka dan tanya jawab susah amat sih? sesibuk itu-kah DPR wakil rakyat?","1962292357459816725","","","in","","0","0","23","https://x.com/undefined/status/1962292357459816725","1692119341742100480",
"1961043127378084180","Thu Aug 28 12:28:10 +0000 2025","465","Situasi terkini di kawasan Slipi Polisi membubarkan massa aksi demo DPR RI menggunakan water canon dan gas air mata. Sempat terjadi perlawanan dari massa aksi menggunakan petasan. https://t.co/753jsxO9d4","1961043127378084180","https://pbs.twimg.com/ext_tw_video_thumb/1961043047275507713/pu/img/EThQrzIxpJOqApJW.jpg","","in","","3","6","166","https://x.com/undefined/status/1961043127378084180","1040306964100669440",
"1961271870667297231","Fri Aug 29 03:37:07 +0000 2025","5216","Demo rakyat saat ini tidak lepas dari sikap anggota DPR yang joged di ruang DPR joged di Istana sikap dan ucapan arogan bbrp anggota DPR serta gaya hidup hedonis mereka. Rakyat pasti akan ingat Eko Patrio Sahroni dll. Ayo siapa lagi ?","1961271870667297231","","","in","","46","376","1691","https://x.com/undefined/status/1961271870667297231","1117990249806721024",
"1961701974929518789","Sat Aug 30 08:06:12 +0000 2025","472","Massa aksi demo hari ini 30/08/2025 sudah berkumpul memadati didepan gedung DPR/MPR. Teman2 saling jaga yach ... https://t.co/tyYWIS8xhk","1961701974929518789","https://pbs.twimg.com/ext_tw_video_thumb/1961701929458991105/pu/img/9_g4ghiVgpxDZh-C.jpg","","in","","5","17","219","https://x.com/undefined/status/1961701974929518789","1040306964100669440",
"1960982535485227169","Thu Aug 28 08:27:24 +0000 2025","1315","Ratusan massa mulai berjalan mulai bergerak ke Gedung DPR dengan membawa bambu dan terlibat bentrok dengan aparat kepolisian dibawah Flyover¬†Slipi Kamis (28/8). Irf #BeritaElshinta https://t.co/Kj0J9ML7aS","1960982535485227169","https://pbs.twimg.com/amplify_video_thumb/1960981303056326657/img/W-WrpkGfaX35SJ1T.jpg","","in","","26","31","409","https://x.com/undefined/status/1960982535485227169","121640063",
"1962057096817729874","Sun Aug 31 07:37:19 +0000 2025","44","Knp Demo ? Rakyat marah bukan karena iri tapi rakyat marah karena logika keadilan diinjak-injak. Gaada yang iri dan kepengen sumpah sama gaya hidup Sahroni /DPR lain norak OKB kami geram bisa2nya se-tonedeaf ini sama masyarakat kecil? Kalian gapernah serius mendengar rakyat https://t.co/sk7QkyPYFM","1962057096817729874","https://pbs.twimg.com/media/GzqghPra4AEJwzl.jpg","","in","","1","2","11","https://x.com/undefined/status/1962057096817729874","2855599556",
"1961275701287326085","Fri Aug 29 03:52:20 +0000 2025","263","Tenda kosong acara ulang tahun ga jadi karyawan dpr pada balik cepet karena tau mau ada demo lagi https://t.co/ZMViDJU11b","1961275701287326085","https://pbs.twimg.com/media/GzfZ1n9aYAAqkLX.jpg","","in","","26","2","92","https://x.com/undefined/status/1961275701287326085","2653090872",
"1962106800846885056","Sun Aug 31 10:54:50 +0000 2025","107","Berawal dari tambahan tunjangan wakil rakyat Rp 50 juta / bulan di tengah kesulitan ekonomi masyarakat konten sosmed minim empati dan kematian pengemudi Ojol aksi unjuk rasa jadi meluas dan mencekam Bagaimana kinerja Saham di tengah Demonstrasi? Studi kasus 2005-2025 https://t.co/lM442Y9ZhE","1962106800846885056","https://pbs.twimg.com/media/GzrNutdb0AA-1-T.jpg","","in","","0","5","26","https://x.com/undefined/status/1962106800846885056","574453228",
"1959896026099417466","Mon Aug 25 08:30:00 +0000 2025","542","Aksi demo di depan gedung MPR/DPR RI Jakarta mulai memanas. Petugas mendorong massa menjauh dari gedung MPR/DPR RI.‚Å£ ‚Å£ Pantauan detikNews Senin (25/8/2025) pukul 12.40 WIB massa tampak bergerak ke arah Slipi Jakarta Barat. Secara perlahan massa mulai bergeser ke arah https://t.co/Aettk4Oxwq","1959896026099417466","https://pbs.twimg.com/amplify_video_thumb/1959888650331934720/img/Pj0wazhlD_eXcokN.jpg","","in","","5","34","140","https://x.com/undefined/status/1959896026099417466","69183155",
"1961286838431428876","Fri Aug 29 04:36:35 +0000 2025","355","Warganet Sebut Ulah Anggota DPR Sahroni Eko Patrio dan Uya Kuya Merendahkan Rakyat Memicu Demo #BubarkanDPR https://t.co/Vx373imaxi","1961286838431428876","","","in","","7","16","170","https://x.com/undefined/status/1961286838431428876","3319260420",
"1961809005413875965","Sun Aug 31 03:53:20 +0000 2025","527","@onetwocue yah ga usah anak dpr ya tmn gue kerja yg kliennya instansi pemerintah apa ada update ttg demo ini? nope! padahal masih rakyat ga ada privilege apa2 bisa dipecat kapan aja di kantor tapi sombong sekali segitu ga pedulinya.","1962000727913705617","","onetwocue","in","","11","11","50","https://x.com/undefined/status/1962000727913705617","1177061797095821314",
"1961735870173909297","Sat Aug 30 10:20:53 +0000 2025","1761","Kami setuju demo ke para anggota DPR songong itu tapi tidak setuju penjarahan dan perusakan fasilitas publik. Kembali ke niat awal demo ini untuk membela kepentingan rakyat bukan untuk makin menyengsarakan rakyat. Fasilitas publik itu untuk rakyat kecil!","1961735870173909297","","","in","","24","233","385","https://x.com/undefined/status/1961735870173909297","869327120",
"1959819909346758705","Mon Aug 25 03:27:32 +0000 2025","370","INFO TERKINI BUNDARAN HI MULAI RAMAI !! SEMUA MOBIL POLISI SIAGA 1 DAN DIDEPAN PINTU DPR RI #DesakPrabowoBubarkanDPR #DesakPrabowoBubarkanDPR https://t.co/sGM9umOgIU","1959819909346758705","https://pbs.twimg.com/ext_tw_video_thumb/1959819805747486720/pu/img/Gfjwr9WtR2BGhfvE.jpg","","in","","8","32","103","https://x.com/undefined/status/1959819909346758705","1843837983457447936",
"1961268167302635739","Fri Aug 29 04:36:33 +0000 2025","314","@deerzja kalo dari awal dpr buka pintu aspirasi rakyat yg demo ga akan menekan keras tapi krna gedungnya aja ditutup rapat ya rakyatnya merasa diabaikan frustrasi tumpah ke jalan. selalu ada oknum yg sengaja lempar batu rusak fasilitas biar aparat kepancing akhirnya rakyat yg disalahin","1961286829195330005","","deerzja","in","","0","3","41","https://x.com/undefined/status/1961286829195330005","1202803793315815424",
"1962088810285822120","Sun Aug 31 09:43:20 +0000 2025","2","Salah satu buzzer pro pemerintah yang udah di-spill oleh Ferry Irwandi. Seperti yang diduga mereka menyulut warga dengan narasi pembubaran DPR: Sentimen publik terhadap DPR memuncak Seruan Demo Bubarkan DPR Seruan untuk membubarkan DPR https://t.co/RAr0DaOsPg","1962088810285822120","https://pbs.twimg.com/media/Gzq9YBDaUAEJ4t_.jpg","","in","","0","0","1","https://x.com/undefined/status/1962088810285822120","1075024591611817984",
"1961081834848354462","Thu Aug 28 15:01:59 +0000 2025","10236","Lu pada tau ga? Lu semua demo hari ini di lapangan bola DPR lagi gelar tenda persiapan ulang tahun DPR besok Bajingan ini DPR ngerahin polisi2 tolol semoga besok rusak acara lu jing https://t.co/SQldo7wk8l","1961081834848354462","https://pbs.twimg.com/media/GzcpiQwa0AAWFu6.jpg","","in","","1282","170","5387","https://x.com/undefined/status/1961081834848354462","2653090872",
"1962164583826964712","Sun Aug 31 14:44:26 +0000 2025","284","Kelihatan banget pendemo bayaran gaes. Fixed provokator. Mereka itu rusak fasum dibayar oleh oknum mengajak menyakiti etnis tertentu. Demo di wilayah yang tidak fokus ke agenda rakyat. Apa hubungan Summarecon Bekasi sama DPR gak ada. Saling jaga warga. Jangan turun ke jalan.","1962164583826964712","","","in","","1","7","132","https://x.com/undefined/status/1962164583826964712","1893643124880408576",
"1962078584912368039","Sun Aug 31 09:02:42 +0000 2025","1","Demonstrasi dikantor gedungnya nya dikosongin dan mereka WFH. Kayaknya massa masih mikirin jangan ngerusak gedung DPR atau kantor pemerintah. Yah sudah datangi rumah nya gitu aja kayaknya. Lebih efektif lebih tepat sasaran dan jadi pelajaran. https://t.co/9kTquROZj0","1962078584912368039","https://pbs.twimg.com/ext_tw_video_thumb/1962074742615334912/pu/img/3YqFck31LOPH_JDm.jpg","","in","","0","0","2","https://x.com/undefined/status/1962078584912368039","1652026007606689792",
"1961673936242180382","Sat Aug 30 06:14:47 +0000 2025","1933","Pak Menhan @sjafriesjams mhn sampaikan ke Bpk Presiden bhw rakyat demo karena MUAK terhadap : 1) kelakuan pejabat hedonis sombong dan korup 2) beban hidup rakyat makin berat dampak dari berbagai kebijakan pemerintah 3) belum ada harapan baru dari rezim Prabowo thdp kerusakan yg","1961673936242180382","","","in","","10","74","908","https://x.com/undefined/status/1961673936242180382","1117990249806721024",
"1962046693383528655","Sun Aug 31 06:55:59 +0000 2025","106","Demo yg terjadi itu krn trlalu jomplang gaji DPR RI dgn Rakyat. Sahroni Uya Kuya Eko Patrio jg pada flexing Rakyat gaji UMP tp dipajakin mreka gaji ratusan jt pajaknya ditanggung negara kerja 5 th dapet pensiun seumur hidup Segera berbenah lah laksanakan tuntutan rakyat !!! https://t.co/mD8PKKnayH","1962046693383528655","https://pbs.twimg.com/media/GzqXEdba4AAiZRl.jpg","","in","","1","5","38","https://x.com/undefined/status/1962046693383528655","1242673590249484293",
"1962083804996325774","Sun Aug 31 09:23:27 +0000 2025","7","Dalam negara demokrasi kekuasaan tertinggi ada di tangan rakyat. Rakyat menyampaikan aspirasinya lewat beberapa cara: memilih wakil-wakil rakyat di pemilu menyampaikan langsung di town hall - ketika wakil rakyat bertemu dengan konstituennya dan lewat demonstrasi.","1962083804996325774","","","in","","0","1","3","https://x.com/undefined/status/1962083804996325774","50241810",
"1962081386166399239","Sun Aug 31 09:38:44 +0000 2025","2916","@IndoPopBase Padahal kalau di awal demo ada anggota dpr yg mau nemuin mungkin udah selesai rangkaian demo ini. Demo itu cuma pengen didengerin bukan dicuekin. Capek soalnya Mana digebukin sama ditembak gas air mata. Siapa yg gak kesel.","1962087651877748774","","IndoPopBase","in","","6","5","408","https://x.com/undefined/status/1962087651877748774","1829846981201838080",
"1962095963067281680","Sun Aug 31 12:17:22 +0000 2025","271","@prabowo Ealah blokir situs judol gak bisa blokir tiktok gegara demo langsung bisa. Buktinya apa? Buktinya emang kerjaan wakil rakyat kayak kalian itu gak becus!!","1962127571560325486","","prabowo","in","","0","3","39","https://x.com/undefined/status/1962127571560325486","515109536",
"1962091841139957970","Sun Aug 31 09:55:23 +0000 2025","21","Prabowo Pastikan Aspirasi Rakyat Didengar: DPR Cabut Tunjangan hingga Kunjungan Luar Negeri Jakarta - Presiden RI Prabowo Subianto memastikan segala aspirasi dan tuntutan rakyat yang disampaikan dalam demonstrasi beberapa waktu belakangan ini didengar oleh pemerintah serta DPR https://t.co/nWqzAcTcA8","1962091841139957970","https://pbs.twimg.com/media/GzrAICVa0AADh3Q.jpg","","in","","3","13","16","https://x.com/undefined/status/1962091841139957970","121640063",
"1961404351345250647","Fri Aug 29 15:20:37 +0000 2025","2833","Intinya: - Gaji DPR gapenting sebanyak itu makanya didemo. Tapi si keparat itu malah pada kabur semua. Wowo juga kabur ke LN. - Demo di Jakarta makan korban Affan yang dilindes POLISI. Affan adl ojol yg saat itu lagi NGANTER MAKANAN (bkn demo)","1961448914155913669","","kriminaltobat","in","","3","2","280","https://x.com/undefined/status/1961448914155913669","1413833955996946433",
"1962198396976189572","Sun Aug 31 16:58:48 +0000 2025","0","Lima Anggota DPR Dinonaktifkan gara-gara Tunjangan Rp 50 Juta Soal tunjangan perumahan anggota DPR yang memicu demonstrasi rakyat mulai berbuntut. Lima anggota DPR dinonaktifkan partainya mulai 1 September. https://t.co/OWNjipM8Mf https://t.co/Gn8wr2Nnuj","1962198396976189572","https://pbs.twimg.com/media/GzshCh9bQAARqqT.jpg","","in","","0","0","0","https://x.com/undefined/status/1962198396976189572","35680707",
"1961062431477870665","Thu Aug 28 14:53:51 +0000 2025","203","@sehatorangnya @barengwarga Lawan sebenarnya pemerintah dan dpr jgn sampai lupa tujuan semula demo krn pendemo dan aparat dibenturkan. Aku udh liat video yg ojek terlindas dan polisi yg dikeroyok. Pendemo dan aparat babak belur pemerintah dan dpr di rumah mewah mrk lagi tiduran di kasur. Udh salah arah.","1961079790037021035","","sehatorangnya","in","","0","8","20","https://x.com/undefined/status/1961079790037021035","496937332",
"1962097126848303158","Sun Aug 31 10:16:23 +0000 2025","7","Kok makin goblok aja. Yang didemo itu DPR bukan pemerintah. Jangan dipelintir. Aparat cukup jalankan fungsi jaga ketertiban bukan jadi bodyguard anggota dewan yang songong. Emang mau di biarkan demo yg anarkis karena alasan yg demo adalah rakyat ? PARAH!!!","1962097126848303158","","","in","","0","0","0","https://x.com/undefined/status/1962097126848303158","773236758796394496",
"1962199681221751180","Sun Aug 31 17:03:54 +0000 2025","11","Kompas gua liat2 lebih cenderung kontennya ngebagus2 in pemerintah dibanding menyuarakan suara rakyat Darurat Militer Malioboro TB Simatupang Demo Sri Mulyani DPR #KabutAjaDulu https://t.co/potio3mFAT","1962199681221751180","https://pbs.twimg.com/media/Gzsh4NAbsAA_3uj.jpg","","in","","0","2","1","https://x.com/undefined/status/1962199681221751180","409143118",
"1961729288409096659","Sat Aug 30 09:54:44 +0000 2025","752","Tak main main harini lagi satu dewan DPR di bakar. Kali ini di Nusa Tenggara Barat. Protes terhadap kerajaan diteruskan lagi hari ini di seluruh Indonesia","1961729288409096659","","","in","","2","1","479","https://x.com/undefined/status/1961729288409096659","513161948",
"1962046442010509744","Sun Aug 31 06:54:59 +0000 2025","22","Saat orang orang ini aman dr amuk massa demo tentu timbul pertanyaan ada apa sebenarnya dengan demo ini? Katanya ini berkaitan dengan sikap dan kelakuan anggota DPR RI yg melukai hati rakyat terutama rakyat kurang mampu. Kok ada 2 3 anggota DPR dr kader tertentu yang AMAN https://t.co/4MBfrRNwjv","1962046442010509744","https://pbs.twimg.com/media/GzqW1xMakAAQMYN.jpg","","in","","0","8","9","https://x.com/undefined/status/1962046442010509744","1297177103184482305",
"1962136090648973761","Sun Aug 31 12:51:13 +0000 2025","1","Mengapa terjadi demo besar? 1. Kenaikan pajak yang membebani rakyat. 2. Tunjangan DPR justru dinaikkan di tengah kesulitan ekonomi. 3. Sikap trio DPR (Eko Patrio Iya Kuya dan Satroni) yang dianggap tidak berempati kepada rakyat. 4. Saat rakyat marah DPR malah terlihat joge","1962136090648973761","","","in","","0","3","0","https://x.com/undefined/status/1962136090648973761","1522070079474708480",
"1962138303110774885","Sun Aug 31 13:00:00 +0000 2025","0","Massa menggelar demonstrasi di Gedung DPR Senayan Jakarta untuk memprotes fasilitas para wakil rakyat. Sejumlah aktivis mengidentifikasi keanehan dalam unjuk rasa seperti para organisasi mahasiswa yang tak langsung turun ke jalan. https://t.co/G7lETbmDRa","1962138303110774885","https://pbs.twimg.com/media/GzjdikVbAAEn0zq.jpg","","in","","0","0","0","https://x.com/undefined/status/1962138303110774885","3179542928",
"1962088518030893487","Sun Aug 31 09:42:11 +0000 2025","9","PIDATO formalitas. MASIH GK DENGAR RAKYAT 1. Mega hadir? &gt; 2. Merasa aspirasi murni berasal dr info ketum2 adalah menonaktifkan anggotanya dari DPR RI yg 'mungkin' mengatakan yg keliru &gt; Mungkin? 3. DEMO sudah Mengarah makar &amp; terorisme? &gt; MALAH BUAT NARASI SENDIRI (CONT) https://t.co/0GTFHPXetA","1962088518030893487","https://pbs.twimg.com/media/Gzq8wkibMAA74Gn.jpg","","in","","1","5","2","https://x.com/undefined/status/1962088518030893487","1501741769306021890",
"1962041580493353374","Sun Aug 31 06:35:40 +0000 2025","4","Cara agar berhenti demo sebenarnya simple DPR turun kebawah terima keluh kesah rakyat. Sudah! Polisi bukan musuh kita gedung DPR bukan target kita apalagi pembersihan rumah Sahroni itu jelas bukan kemauan kita Rakyat tidak butuh basa basi Mereka hanya terlanjur sakit hati","1962041580493353374","","","in","","0","1","0","https://x.com/undefined/status/1962041580493353374","1895403781812326400",
"1961067164632314120","Thu Aug 28 14:03:41 +0000 2025","235","-dipolitics! miris bener liat video demo di timeline!! ini di Semarang gk ada demo terkait tunjangan rumah 50jt rumah DPR yg kerjaannya cuman tidur &amp; menghabiskan uang negara ? https://t.co/tgHHrjtl4S","1961067164632314120","","","in","","3","6","29","https://x.com/undefined/status/1961067164632314120","1938014810056364032",
"1962150415098888625","Sun Aug 31 13:48:08 +0000 2025","1","Suara Masyarakat tentang Aksi Demonstrasi dan Respon Pemerintah. Beberapa hari terakhir kita semua menyaksikan gelombang demo besar di berbagai wilayah Indonesia. Awalnya pemicunya sederhana: isu kenaikan gaji &amp; tunjangan DPR di tengah krisis bangsa. ","1962150415098888625","","","in","","0","1","0","https://x.com/undefined/status/1962150415098888625","117363314",
"1962018420678951141","Sun Aug 31 05:03:38 +0000 2025","1","Walaupun gue kurang setuju orang menjarah rumah anggota DPR gue paham masyarakat sudah habis kesabaran sama arogansi politikus yang nir empati. Mau aksi damai juga ga akan digubris pemerintah contohnya aksi demo kamisan yang sudah berlangsung 18 tahun di depan istana. Tapi","1962018420678951141","","","in","","0","0","0","https://x.com/undefined/status/1962018420678951141","212827464",
"1962009805708763595","Sun Aug 31 04:29:24 +0000 2025","11","Polisi vs rakyat demo di provokasi sama TNI while DPR (yang jadi topik utama) kabur ke LN and acts as if nothing happened. Kiranya Tuhan tolong dan bantu negara ini cepat sembuh Indonesiaku","1962009805708763595","","","in","","0","0","4","https://x.com/undefined/status/1962009805708763595","1903325370641944577",
"1962120677609386242","Sun Aug 31 11:49:58 +0000 2025","0","Setiap tgl 1 Mei buruh unjuk rasa tuntut kenaikan gaji apa kalian ada respon tidakkan.Kalian kerja gak benar malah gaji/tunjangan melesit naik hidup dibiayai negara namun tak peduli pd rakyat rakyat demo satu pun kalian tak ada yg muncul wakil rakyat siapa kalian ini ? @DPR_RI","1962120677609386242","","","in","","0","0","0","https://x.com/undefined/status/1962120677609386242","1866772743011831810",
"1962172231334957246","Sun Aug 31 15:18:35 +0000 2025","0","@jakeahim Berdasarkan situasi demo terkini yang menuntut reformasi ekonomi dan pengesahan RUU Perampasan Aset untuk perangi korupsi Presiden Prabowo sebaiknya: 1. Dorong DPR percepat pembahasan RUU agar aset koruptor dirampas untuk kesejahteraan rakyat. 2. Libatkan dialog dengan serikat","1962173175858700675","","jakeahim","in","","0","0","0","https://x.com/undefined/status/1962173175858700675","1720665183188922368",
"1962206122401829176","Sun Aug 31 17:29:30 +0000 2025","1","MAKAR CAKAR PAKAR BAKAR ITU MIRIP2 TAPI BERBEDA MAKNA DAN ARTINYA. DEMO RAKYAT YG TERSINGGUNG PERKATAAN EKO PATRIO UYA KUYA NAFA URBACH DEDDY SITORUS PUAN MAHARANI YG JANJI PINTU DPR TERBUKA TAPI DITUTUP MEMBUAT RAKYAT NGAMUK DAN NJARAH. LALU ADA FERRY AMSARI YG MENCOBA MAKAR.","1962206122401829176","","","in","","0","0","0","https://x.com/undefined/status/1962206122401829176","1918007815765147648",
"1962121164681256983","Sun Aug 31 11:51:54 +0000 2025","4","anggota DPR yang di nonaktifkan masih tetep nerima duit? WHAT?!? sesimpel pecat/bubarin DPR yang cukup meresahkan ini atau temuin rakyat usut tuntas korban yg terlindas mobil brimob dan demo cepet selesai.","1962121164681256983","","","in","","0","0","0","https://x.com/undefined/status/1962121164681256983","1649108529528328193",
"1962081454764277895","Sun Aug 31 09:14:07 +0000 2025","1","Sepanjang pidato ga ada tuntutan rakyat yang di kabulin pengesahan RUU perampasan aset juga ga di singgung blas emg mau di demo terus-terusan. Dari jaman jebot di demo DPR ya ga ada perubahan kok sadar nya sehari besok-besok kumat lagi","1962081454764277895","","","in","","0","0","1","https://x.com/undefined/status/1962081454764277895","1533280278072131584",
"1962102973649256612","Sun Aug 31 10:39:37 +0000 2025","3","https://t.co/i6Wsp6IGiT yg dibahas malah demo anarkis tak satupun rakyat setuju tindakan anarkis tapi akar masalah ga pernah dibahas apakah belum terbaca atau belum faham rakyat mau tahu pendapat dari @prabowo @DPR_RI atas akar masalah kami kelaparan &amp; ga punya kerjaan","1962102973649256612","","","in","","0","0","1","https://x.com/undefined/status/1962102973649256612","406285405",
"1962290595994722324","Sun Aug 31 23:05:10 +0000 2025","1","Tertengok video orang demo kat Indonesia bakar moto kat luar DPRD rupanya tu moto pak guard situ. Nangis dia cakap saya cuma kerja pak Ada jugak jenis anjing. Hang ingat wakil rakyat tu datang naik moto?","1962290595994722324","","","in","","0","0","1","https://x.com/undefined/status/1962290595994722324","131834557",
"1962126402595217825","Sun Aug 31 12:12:43 +0000 2025","15","Malah maling elektronik ini mas mas muhammadiyah. Muhammadiyah gak pantas ikutan beginian sebab muhammadiyah terima proyek ijin tambang Mahasiswa muhammadiyah sebelum demo pemerintah &amp; DPR harusnya demo organisasi muhammadiyah dulu yang gak tahu malu terima proyek tambang.","1962126402595217825","","","in","","1","3","8","https://x.com/undefined/status/1962126402595217825","1890328879010836480",
"1962291170136174753","Sun Aug 31 23:08:25 +0000 2025","1","@Kapitein_1825 Situasi di Indonesia memang tegang dengan demo berlanjut sejak 25 Agustus 2025 terkait tunjangan DPR inflasi dan kekerasan polisi. Berdasarkan berita terkini dari Reuters dan BBC (31 Agustus) pemerintah sudah mundur dari kenaikan tunjangan dan janji selidiki insiden kematian.","1962291414647410785","","Kapitein_1825","in","","0","0","1","https://x.com/undefined/status/1962291414647410785","1720665183188922368",
"1961576338474893523","Fri Aug 29 23:46:58 +0000 2025","256","Hadeuh. Asing-aseng melulu tanpa sebut nama. Gak perlu peran asing untuk memicu unjuk rasa dengan tujuan reform total di DPR dan Polisi Hendropriyono Sebut Dalang Demo Ricuh di Depan Gedung DPR Pihak Asing | IDN Times https://t.co/kYVSAaoqMY","1961576338474893523","","","in","","14","73","94","https://x.com/undefined/status/1961576338474893523","85087815",
"1962109021433090185","Sun Aug 31 11:03:39 +0000 2025","0","Ya begitu.. Malah playing victim Klo dari awal pemerintah (DPR) mau terbuka ngasih ruang dialog ke masyarakat yg demo ga akan se rusuh ini","1962109021433090185","","","in","","0","0","0","https://x.com/undefined/status/1962109021433090185","1624072005497802752",
"1962273866308600133","Sun Aug 31 21:58:41 +0000 2025","2","Aku bukannya suka keributan yaa tapi demo¬≤ sebelum ini belum ada kasus DPR rumahnya kena imbas Dan meski kasus penjarahan orang meninggal dsb terus rame tiap demo perbaikan dari pemerintah itu kayak gak ada. Tetep terulang polanya. Rusak fasilitas digebukin dan seterusnya","1962273866308600133","","","in","","0","1","0","https://x.com/undefined/status/1962273866308600133","1460190656182194177",
"1962145327668158875","Sun Aug 31 13:27:55 +0000 2025","2","demo damai ga digubris wajarlah anarkis pemerintah tolol presiden tolol dpr tolol dewan perwakilan rakyat apanya yg diwakili? mewakili nikmat pajak kita? ajg emng ga guna.","1962145327668158875","","","in","","0","0","0","https://x.com/undefined/status/1962145327668158875","1898617791533723648",
"1962003337148301316","Sun Aug 31 04:03:42 +0000 2025","15","Guys Intel udah dimana Preman bayaran juga udah banyak yang turun Untuk masyarakat yang lagi demo kalian udah berjuang dengan hebat Tapi tolong jangan terprovokasi jarah rumah dan usaha sesama rakyat INGAT FOKUS UTAMA DI DPR!","1962003337148301316","","","in","","0","1","2","https://x.com/undefined/status/1962003337148301316","1750182863675551744",
"1962186948233331092","Sun Aug 31 16:13:18 +0000 2025","0","¬ÆÔ∏è UpdateKondisi Rumah Eko Patrio Gerbang Dikunci Ganda Rumah Uya Kuya Ditulisi 'Disita Rakyat' https://t.co/9vn1Z5hpeG #eko #uyakuya #rumah #dijarah #massa #demo #dpr #dprd #ojol #aksi #demodidpr #demoagustus #aksidemo #tunjangandpr #polisi #ricuh #BRIMOB https://t.co/2rjlG1ThKa","1962186948233331092","https://pbs.twimg.com/media/GzsWn5KbgAA9RwZ.jpg","","in","","0","0","0","https://x.com/undefined/status/1962186948233331092","115936810",
"1962204803620380710","Sun Aug 31 17:25:33 +0000 2025","2","@otherpane Demo di Indonesia Agustus 2025 dipicu usulan kenaikan gaji &amp; tunjangan DPR (Rp50 juta/bulan) di tengah kesulitan ekonomi rakyat. DPR disalahkan karena inisiatifnya tapi presiden juga kena imbas karena sebagai pemimpin eksekutif dia bertanggung jawab atas kebijakan nasional ","1962205128485908963","","otherpane","in","","0","0","0","https://x.com/undefined/status/1962205128485908963","1720665183188922368",
"1962106350575747355","Sun Aug 31 10:53:02 +0000 2025","0","jadi wakil rakyat emang sudah seharusnya peka lagian rakyat ga tiba2 demo sebelum demo udah sering rakyat ngeluh dan nyampein pendapat tp apa mereka peduli?? apa mereka kasihan ke rakyat?? apa mereka mikirin rakyat???? giliran kek gini mau ngasihani mereka?? pfftttt","1962106350575747355","","","in","","0","0","0","https://x.com/undefined/status/1962106350575747355","1776890046723043329",
"1962064058141843456","Sun Aug 31 08:04:59 +0000 2025","1","Wakil rakyat yang bermasalah sudah ditangani. Kalian para wakil rakyat kalau ada demonstrasi itu tandanya kalian harus menemui para demonstran dan dengar apa yang menjadi tuntutannya. Jangan malah ngumpet jalan-jalan atau malah mengejek. Kalian bahkan sampai ganti warna plat.","1962064058141843456","","","in","","0","0","0","https://x.com/undefined/status/1962064058141843456","1669579122371338240",
"1962299000750801061","Sun Aug 31 23:38:34 +0000 2025","7","gue pindah dr kampung kekota pas sma skrg temen smp gue reply status gue soal demo. Dia bilang kasihan prabowo dpr juga kasihan dan malah nyalahin rakyat pas ada penembakan. Kayak? gue benci bgt anjg mana nenek dan keluarga gue suka mulyono. Gue bingung cara sadarinnya.","1962299000750801061","","","in","","0","1","0","https://x.com/undefined/status/1962299000750801061","1403948382696001545",
"1962219426717253829","Sun Aug 31 18:22:22 +0000 2025","0","KOCAG demo inikan awalnya juga damai¬≤ aja kan situ dan wakil¬≤ rakyat (katanya) lain ga mau mendengar Suka gaslighting sipaling salah asing milih wakil rakyat sering tolol-tololin rakyat wapres ngangong pendidikan &amp; kesehatan dinomor sekiankan","1962219426717253829","","","in","","0","1","0","https://x.com/undefined/status/1962219426717253829","1292777237637341184",
"1962075537825997179","Sun Aug 31 08:50:36 +0000 2025","6","tiktok rancha barusan lewat he said karena media udah mulai dibatesin mari kita demo menggunakan bahasa kpopers. agensi = dpr saseng = aparat+intel idol = rakyat ide bagus nih","1962075537825997179","","","in","","0","2","0","https://x.com/undefined/status/1962075537825997179","1857739570739294210",
"1962131286497358012","Sun Aug 31 12:32:07 +0000 2025","4","sesimpel dengerin suara rakyat terus diskusi/musyawarah buat ubah kebijakan2 yg ngerugiin rakyat aja DPR gabisa. malah pada kabur jadi pengecut. demo ga akan separah ini kalo DPR gak tone deaf punya otak sama kuping gasih?","1962131286497358012","","","in","","0","0","3","https://x.com/undefined/status/1962131286497358012","1513849416226340869",
"1962137302345605366","Sun Aug 31 15:22:46 +0000 2025","0","@winartojbs @aloyferry79 @RadioElshinta @prabowo Trias politika di Indonesia saat ini jadi perdebatan. Beberapa sumber catat respons pemerintah Prabowo terhadap protes seperti cabut tunjangan DPR pasca demo Agustus 2025. Tapi ada kritik soal pengaruh militer di jabatan sipil dan penanganan protes yang dianggap represif ","1962174229555913035","","winartojbs","in","","0","1","0","https://x.com/undefined/status/1962174229555913035","1720665183188922368",
"1961325861237555512","Fri Aug 29 07:11:39 +0000 2025","276","Knp rakyat demo akhirnya ricuh? Simpel aja krn rakyat marah. Rakyat sdg sulit smntr anggota DPR naikin gaji tunjangan rumah dll. Ehh dikritik malah anggota DPR mcm si Sahroni bilang pengkritik TOLOL. Wajar rakyat marah. Blm lg mcm si Eko Patrio n si Kuyak. Stupid! ","1961325861237555512","","","in","","1","16","104","https://x.com/undefined/status/1961325861237555512","105085302",
"1962175096631792045","Sun Aug 31 15:26:13 +0000 2025","2","Di demo oleh rakyat dari tanggal 25 Agustus s/d 30 Agustus 2025 Pemerintahan @prabowo dan @DPR_RI pada ngumpet dimana?. Yang katanya @puanmaharani_ri pintu DPR terbuka untuk para demonstran pada nongol kagak perwakilan anggotanya?. Silakan kalian semua para pejabat merenung!.","1962175096631792045","","","in","","0","0","1","https://x.com/undefined/status/1962175096631792045","3719816714",
"1962142540938780902","Sun Aug 31 13:16:51 +0000 2025","1","Demo¬†di sejumlah kota termasuk di depan Gedung MPR/DPR/DPD di Jakarta barangkali salah satu titik hilangnya kesabaran rakyat. #SuratPembaca #AdadiKompas https://t.co/NXbSnnnBNT","1962142540938780902","","","in","","0","0","0","https://x.com/undefined/status/1962142540938780902","255866913",
"1962130038524125316","Sun Aug 31 12:27:10 +0000 2025","0","Jakarta (ANTARA) - Ketua Umum Partai Kebangkitan Bangsa (PKB) Muhaimin Iskandar menyebut tuntutan demonstran yang menyasar anggota DPR RI adalah momentum untuk mengevaluasi menyeluruh kinerja sekaligus fasilitas negara yang diterima para wakil rakyat. https://t.co/nF8IrK8d3h","1962130038524125316","","","in","","0","1","0","https://x.com/undefined/status/1962130038524125316","1557190679553769473",
"1962071346898407846","Sun Aug 31 08:33:57 +0000 2025","4","I'm just saying keresahan dan demonstrasi bisa diresolve kalau DPR mau buka dialog sama demonstran. Cuma kan semua anggota dewan wakil rakyat pada di luar daerah semua.... Kita bener2 butuh partai kiri proletar...","1962071346898407846","","","in","","0","0","0","https://x.com/undefined/status/1962071346898407846","1188080151747129344",
"1962032635636863331","Sun Aug 31 06:00:07 +0000 2025","0","negara ini udah ga sehat banget ya? pemerintah acuh bgt hey dpr and presiden. rakyat cuman pengen didenger diterima. katanya wakil rakyat tapi mana yang diwakilin? gaada. kalau dari awal kalian welcome sama yang demo ga akan sampai kaya gini dongo.","1962032635636863331","","","in","","0","0","0","https://x.com/undefined/status/1962032635636863331","1865469378470588416",
"1962138695819255912","Sun Aug 31 13:01:34 +0000 2025","1","Ya gatau nder coba tanya wakil rakyat sana. Demo ini muncul kan gegara wakil rakyat pada kurang ajar pada gk bener. Klo samoe ada pembakaran ya itu ada provokatornya. Makanya cari update berita dr massa pendemo biar tau gmn bejatnya aparat","1962138695819255912","","","in","","0","0","0","https://x.com/undefined/status/1962138695819255912","1413284969581973509",
"1962265803748987099","Sun Aug 31 21:27:29 +0000 2025","1","@Kapitein_1825 Berdasarkan pantauan terkini hingga 31 Agustus 2025 demo di berbagai kota seperti Jakarta Bali dan Yogyakarta mulai mereda setelah pemerintah batalkan kenaikan tunjangan DPR. Namun seruan demo susulan masih ada dari kelompok mahasiswa terkait kekerasan polisi. Bagi pekerja","1962266015217426701","","Kapitein_1825","in","","0","0","1","https://x.com/undefined/status/1962266015217426701","1720665183188922368",
"1962096191396794716","Sun Aug 31 10:12:40 +0000 2025","0","Hujan deras membasahi seisi Kota Bandung namun suara rintiknya teredam oleh sibuknya sirine mobil ambulans yang mondar-mandir menjemput korban demonstrasi di Gedung Dewan Perwakilan Rakyat Daerah (DPRD) Jawa Barat Jumat (29/8/2025). Selengkapnya di https://t.co/mmYAjrNToH #DPR","1962096191396794716","","","in","","0","0","0","https://x.com/undefined/status/1962096191396794716","175467272",
"1962096447240937480","Sun Aug 31 10:13:41 +0000 2025","2","jadi gini loh.. kalian kok bisa dengan mudahnya menjarah? gaada penjagaan ketat like di gedung DPR? penjarahan ini bisa jadi emang umpan buat nyalahin rakyat. karena mau gimanapun kalau di bawa kehukum orang yg menjarah itu salah di mata hukum. beda kalau kita demo trs ditangkep","1962096447240937480","","","in","","0","2","0","https://x.com/undefined/status/1962096447240937480","1857706721835364352",
"1961953694746079322","Sun Aug 31 00:46:26 +0000 2025","0","Yg gw bingung kenapa ada penyusup kayak gini? Tujuannya apa ngerusak fasilitas? Biar demo bubar? Demo bubar kalau tuntutan rakyat dipenuhi. Gampang kok. Punya kuping kok budeg pdhl wakil rakyat","1961953694746079322","","","in","","0","0","0","https://x.com/undefined/status/1961953694746079322","77388490",
"1962303139748667488","Sun Aug 31 23:55:01 +0000 2025","6","Massa demo yang menjarah merusak fasum anarkis seperti terorganisir untuk membenturkan aparat dgn rakyat padahal ada anggota dpr yang songongnya kebangetan tetap aman. Uya Kuya Eko Nafa urbach udah meminta maaf terhadap rakyat dan di copot anehnya manusia satu itu seakan tak","1962303139748667488","","","in","","0","1","2","https://x.com/undefined/status/1962303139748667488","773236758796394496",
"1962201759302267292","Sun Aug 31 17:13:18 +0000 2025","0","@cryptobriefss Sebagai AI saya tidak bisa memprediksi masa depan tapi berdasarkan berita hingga 31 Agustus 2025 demo pada 1 September kemungkinan terkait isu DPR dan tunjangan dengan imbauan hindari anarkisme dari pemerintah seperti Presiden Prabowo. Situasi masih berkembang; pantau sumber","1962202048226799805","","cryptobriefss","in","","0","0","0","https://x.com/undefined/status/1962202048226799805","1720665183188922368",
"1962086616694157807","Sun Aug 31 09:34:37 +0000 2025","0","gua tuh gapaham deh se simple lu nemuin rakyat lu diskusiin dan lakuin yg harus dilakukan malah nyari empati padahal bisa aja kan setelah demo lu temuin wakil rakyat (bukan dpr) terus diskusi abis itu mutusin bareng bestie lu itu terus kelar ni masalah abis itu dateng ke","1962086616694157807","","","in","","0","0","0","https://x.com/undefined/status/1962086616694157807","1210470663330222080",
"1961390921590649265","Fri Aug 29 11:58:34 +0000 2025","2148","@tanyarlfes Wkwk fokus ke dpr aja demonya. Bandara pelabuhan tuh masuk ovn ada uu malah polisi punya alasan kuat buat nangkepin massa","1961398067195756799","","tanyarlfes","in","","0","1","73","https://x.com/undefined/status/1961398067195756799","1744628116851765248",
"1962124212753277149","Sun Aug 31 12:04:01 +0000 2025","0","Gaes kabarin gua kalau udah dapat 1 wakil pembicara pihak rakyat yg maju atas nama rakyat buat dialog sama DPR RI. Sampai skrg tidak ada. Bahkan mahasiswa UI pun gak ada. Ini sebenarnya siapa yang gerakin demo jadi disabotase begini?","1962124212753277149","","","in","","0","0","0","https://x.com/undefined/status/1962124212753277149","1893643124880408576",
"1962255346409582815","Sun Aug 31 20:46:26 +0000 2025","0","@IckurM Berdasarkan analisis postingan X dan pencarian web terkait demo DPR 2025 hashtag yang paling sering digunakan netizen adalah diikuti dan . Ini mencerminkan isu utama seperti tuntutan pembubaran DPR dan kritik terhadap kebijakan pemerintah.","1962255683434512398","","IckurM","in","","0","1","0","https://x.com/undefined/status/1962255683434512398","1720665183188922368",
"1962060721644347567","Sun Aug 31 07:51:44 +0000 2025","1","presiden wapres ketua dpr kapolri cuma berani dateng ke keluarga korban demo. fungsi lo bukan buat yg kayak gini nyet. fungsi lo buat ubah kebijakan yg bikin rakyat demo karena marah. kalo ga sanggup/otaknya ga nyampe turun aja. Mengundurkan diri cepetan ","1962060721644347567","","","in","","0","0","0","https://x.com/undefined/status/1962060721644347567","71989538",
"1962116281097937074","Sun Aug 31 11:32:30 +0000 2025","0","muak banget dibilang rakyat suruh menyampaikan aspirasi dengan baik LAH KEMAREN2 ITU UDAH BAIK PAK DEMO DATENG KE DPR TAPI GAADA RESPON DAN BERUJUNG KEKACAUAN INI SEMUA TUH YA GARA2 KALIAN PEMERINTAH DIEM AJA ALLAHU AKBAR BENERAN MUTER2 GT AJA TERUS","1962116281097937074","","","in","","0","0","0","https://x.com/undefined/status/1962116281097937074","1567160625327144961",
"1962140689300639771","Sun Aug 31 13:09:29 +0000 2025","0","Gw gajadi dinas ke jkt pun ga nyalahin demo nyalahin dpr bisa bikin rakyat semarah ini","1962140689300639771","","","in","","0","0","0","https://x.com/undefined/status/1962140689300639771","1166979760242614273",
"1961723135922950265","Sat Aug 30 09:39:19 +0000 2025","570","@barengwarga kemarin ada banyak yg protes soal demo dan nyuruh demo langsung ke rumah anggota dpr. terealisasikan akhirnya apakah setelah ini ada narasi baru lagi buat guilt trip demonstran?","1961725410871533602","","barengwarga","in","","1","3","55","https://x.com/undefined/status/1961725410871533602","725357875430707200",
"1962143155224019132","Sun Aug 31 13:19:17 +0000 2025","0","Demo¬†di sejumlah kota termasuk di depan Gedung MPR/DPR/DPD di Jakarta barangkali salah satu titik hilangnya kesabaran rakyat. #SuratPembaca #AdadiKompas https://t.co/8oVk35SE2I","1962143155224019132","","","in","","0","0","1","https://x.com/undefined/status/1962143155224019132","771030588",
"1962021609033887881","Sun Aug 31 05:16:18 +0000 2025","15","Awal mula demo chaos: 1. Pajak naik 2. Menghina guru 3. Joget-joget 4. Bandingkan Indonesia dengan Jepang 5. Mengatakan TOLOL kepada seluruh rakyat 6. Affan Kurniawan 7. Pimpinan tertinggi membolehkan dor dor Tujuannya DPR bukan yg lain JANGAN TERPROVOKASI! STAY SAFE #Indonesia","1962021609033887881","","","in","","0","0","0","https://x.com/undefined/status/1962021609033887881","768724478343782400",
"1962211386567889279","Sun Aug 31 17:51:13 +0000 2025","0","@lovvack Berdasarkan info dari Kompas Detik dan Tribunnews hingga malam ini (31 Agt 2025) ya ada rencana demo serentak di Jakarta besok 1 September fokus di DPR RI Senayan &amp; KPK Kuningan. Bukan hoax pemerintah sudah imbau WFH &amp; PJJ. Pantau update resmi dari Polda Metro tetap aman","1962211589597298877","","lovvack","in","","0","0","0","https://x.com/undefined/status/1962211589597298877","1720665183188922368",
"1962264352012353896","Sun Aug 31 21:21:58 +0000 2025","0","@nuenuiuu Ya berdasarkan laporan berita terkini massa telah berkumpul di Jakarta untuk demo sejak beberapa hari lalu terutama di sekitar gedung DPR dan markas Brimob. Protes dipicu tunjangan anggota parlemen dengan bentrokan dan korban jiwa. Pemerintah telah setuju cabut tunjangan","1962264625141121213","","nuenuiuu","in","","0","0","0","https://x.com/undefined/status/1962264625141121213","1720665183188922368",
"1962135637907431700","Sun Aug 31 12:49:25 +0000 2025","0","Inti pemicu demo itu rakyat itu sudah muak sama aspirasi kecil yang ga pernah didengar. Rakyat susah lalu pas kasih aspirasi ditanggapinya dengan diejek oleh wakil rakyat. Belum lagi lihat fakta pejabat semudah itu menjalani hidup karna fasilitas negara (hasil pajak)","1962135637907431700","","","in","","0","1","0","https://x.com/undefined/status/1962135637907431700","40630071",
"1962083190530871653","Sun Aug 31 09:21:01 +0000 2025","0","Yg gue g ngerti kan deh byg di demo DPR nih... Kenapa yg dia temuin DPR bukan rakyat woy... ","1962083190530871653","","","in","","0","0","0","https://x.com/undefined/status/1962083190530871653","1364023254227148801",
"1961032210049581444","Thu Aug 28 14:56:39 +0000 2025","846","@BudiBukanIntel capek gasih demo kyk gini terus tapi hasilnya nihil demo ke kantor dpr gak di gubris gimana kalo kita hancurin aja rumah rumah pejabat itu ? atau blok fasilitas ekonomi seperti stasiun atau bandara biar chaos abis abisan sekalian terus mereka keder dan mundur","1961080493816074261","","BudiBukanIntel","in","","3","11","46","https://x.com/undefined/status/1961080493816074261","1058540951998652416",
"1961990461687755214","Sun Aug 31 03:12:32 +0000 2025","1","Sebenernya demo itu gak bakal chaos KALAU dari awal dpr nya mau ngobrol langsung dengan RAKYAT. MAU DENGERIN OMONGAN RAKYAT. Lah wong demo aja gedung dpr dijaga anggota dpr nya kabur keluar negeri kek gitu ajg. miris.","1961990461687755214","","","in","","0","0","0","https://x.com/undefined/status/1961990461687755214","813391612013252608",
"1962094810573181306","Sun Aug 31 10:07:11 +0000 2025","0","Rakyat mana maksudnya @prabowo ? Kalo pro rakyat Indonesia seharusnya saat demo 25 Agustus 2025 itu PELAYAN RAKYAT si anjjng sampah @DPR_RI @puanmaharani_ri dan jajaran ada di gedung MILIK RAKYAT yang ada malah RAKYAT INDONESIA dibenturkan dengan Aparat menganjingkan @prabowo","1962094810573181306","","","in","","0","0","0","https://x.com/undefined/status/1962094810573181306","1798283687676846081",
"1962267170202657267","Sun Aug 31 21:32:05 +0000 2025","4","Semuanya sudah di rancang dan itu berjalan sempurna para rakyat turun ke jalan buat demo gedung¬≤ DPR di bakar fasilitas umum di bakar untuk meng kambing dombakan penembakan dari polri/polisi/brimob terhadap rakyat jangan sampe Indonesia darurat militer guys jangan sampe","1962267170202657267","","","in","","0","0","1","https://x.com/undefined/status/1962267170202657267","1590973426998583298",
"1962076263595880602","Sun Aug 31 08:53:29 +0000 2025","1","kami butuh DPR DEWAN PERRWAKILAN RAKYAT! bukan TIKUS LAPAR! #DPRRI #Demo","1962076263595880602","","","in","","0","0","0","https://x.com/undefined/status/1962076263595880602","1829439279497662465",
"1962159533327089796","Sun Aug 31 14:24:22 +0000 2025","0","pemicu demo kan gr2 ekonomi sektor riil lesu bgt&gt;rakyat kelaparan&gt;DPR malah nambahin tunjangan &amp; joget hepi2&gt;polkis hrusny ngelindungin rakyat malah ngebunuh (dilapangan sering meras juga) ... trus yg disalahin knp gibran?","1962159533327089796","","","in","","0","2","0","https://x.com/undefined/status/1962159533327089796","85267038",
"1962293605533733135","Sun Aug 31 23:18:21 +0000 2025","0","@dndatiara Berdasarkan info terkini (31 Agustus 2025) tidak ada demo besar di Jakarta hari ini setelah pemerintah cabut tunjangan DPR. Situasi kondusif lalu lintas aman menurut Pangdam Jaya. Rute Palmerah ke Pasar Minggu seharusnya aman tapi cek Google Maps/Waze untuk update real-time.","1962293915530428830","","dndatiara","in","","0","0","0","https://x.com/undefined/status/1962293915530428830","1720665183188922368",
"1962215615936307257","Sun Aug 31 18:08:27 +0000 2025","0","@nntweetnn Berdasarkan analisis dari sumber beragam seperti Wikipedia NYT Guardian CNA dan postingan X terkini demo anarkis Agustus 2025 dipicu kemarahan organik rakyat atas tunjangan DPR tinggi (Rp50 juta/bulan) di tengah inflasi pengangguran dan austerity Prabowo. Target seperti","1962215927048765797","","nntweetnn","in","","0","1","0","https://x.com/undefined/status/1962215927048765797","1720665183188922368",
"1962301857327690213","Sun Aug 31 23:49:55 +0000 2025","1","dipilih jadi dpr untuk mensejahterahkan rakyat. umk rakyat 3 juta sebulan di demo malah bikin tt 3 juta mah dikit sehari jadi artis juga dapat. ya jadi artis aja? rakyat bertahan hidup dengan 3 juta","1962301857327690213","","","in","","0","0","0","https://x.com/undefined/status/1962301857327690213","1265180666032881664",
"1962083804996325774","Sun Aug 31 09:31:33 +0000 2025","0","Kenapa demonstrasi sering berujung pada kericuhan? 1) Para wakil rakyat tidak mau mendengarkan suara rakyat; 2) Aparat dikerahkan untuk membubarkan massa dengan segala cara termasuk cara-cara yang tidak manusiawi dan penuh kekerasan; 3) Pemerintah dan media di bawah..","1962085844707324073","","daprast","in","","0","1","0","https://x.com/undefined/status/1962085844707324073","50241810",
"1962131547315962012","Sun Aug 31 12:33:10 +0000 2025","1","Ok stay safe buat yg domnya lagi chaos gegara demo. Jangan mudah terprovokasi. Ingat fokus utamanya di tuntutan kinerja dari yang katanya wakil rakyat dan pejabat publik itu bukan sampai rusakin fasum dan penjarahan.","1962131547315962012","","","in","","0","0","0","https://x.com/undefined/status/1962131547315962012","139567852",
"1962035001576546722","Sun Aug 31 06:09:31 +0000 2025","59","Masukan2 sdh diberikan sejak jatuh korban; - Panggil Kapolri copot yg paling bertanggungjawab atau mundur - Panggil Ketum Parpol minta PAW anggota DPR yg memicu rakyat demo dan sepakati Perppu Perampasan Aset. Koq baru sekarang dikerjakan setelah banyak jatuh korban.","1962035001576546722","","","in","","2","6","21","https://x.com/undefined/status/1962035001576546722","24893875",
"1962214347989561364","Sun Aug 31 18:02:11 +0000 2025","0","just a random thought...umpama rakyat demo dpr hingga chaos dan ricuh presiden pun dihalalkan umumkan darurat militer krna yang bisa batalin putusan tsb adalah DPR(contoh kasus di korea selatan) klo ternyata dpr dan presiden sejalan....yg bisa batalin siapa","1962214347989561364","","","in","","0","1","0","https://x.com/undefined/status/1962214347989561364","1065536220153839616",
"1962119852468150540","Sun Aug 31 11:46:41 +0000 2025","0","artis¬≤ ini kok masih pd mau¬≤nya ditawarin maju ke politik jd wakil rakyat?? Soalnya kebanyakan kalo kek ada demo gini tuh malah kelen yg jd sasaran utama soalnya awalnya public figure kan. Jd lebih gampang dijadiin sasaran serangan. Pd tolol sih kemakan bujuk rayu orang politik.","1962119852468150540","","","in","","0","0","0","https://x.com/undefined/status/1962119852468150540","3018314503",
"1962129016363839641","Sun Aug 31 12:23:06 +0000 2025","0","Sri Sultan Hamengkubuwono X mendatangi masa aksi demonstrasi yang adalah raja Jawa Kerajaan. Sedangkan anggota DPR malah #KaburAjaDulu yang katanya demokrasi. Apakah kita lebih cocok dengan sistem kerajaan agar falsafah Jawa diterapkan untuk keadilan sosial bagi seluruh rakyat","1962129016363839641","","","in","","0","0","0","https://x.com/undefined/status/1962129016363839641","1307673268908826624",
"1962057841751248966","Sun Aug 31 07:40:17 +0000 2025","11","kaget truk sampah dtg biasanya senin pas tak tanyain ternyata besok mereka mau ikut demo gila ya mereka aja masih ingat tanggung jawab sedangkan dpr malah wfh ama ngacir ke luar negeri klu ngk mampu tampung ama laksanakan aspirasi rakyat ngk usah pulang sekalian ","1962057841751248966","","","in","","0","1","2","https://x.com/undefined/status/1962057841751248966","389810999",
"1962140036927017279","Sun Aug 31 13:06:54 +0000 2025","0","jujur si ga membernarkan penjarahan anggota DPR tapi dari kejadian ini kita bisa petik hikmahnya. dri anggota dpr yg sombong angkuh terkesan tidak tersentuh. sekarang dibuat paham sama rakyat! emang sudah seharusnya mereka TAKUT dgn rakyat! #Demo #BubarkanDPR","1962140036927017279","","","in","","0","0","0","https://x.com/undefined/status/1962140036927017279","1298985223896498180",
"1962295284459090023","Sun Aug 31 23:23:48 +0000 2025","0","GMNI Siap Demo Melebur Bersama Rakyat di DPR Siang Ini Bawa 5 Tuntutan https://t.co/bBbEbg2Gw2","1962295284459090023","","","in","","0","0","0","https://x.com/undefined/status/1962295284459090023","1457570770574450691",
"1962067797552590939","Sun Aug 31 08:19:51 +0000 2025","2","se simple DPR keluar dan kunjungi rakyat yang lagi demo aja tuh mereka ga bisa jirrr gimana rakyat mau diskusi dengan mereka kalo merekanya aja ga keluar sama sekali","1962067797552590939","","","in","","0","0","0","https://x.com/undefined/status/1962067797552590939","1530777734003105792",
"1962212618313343291","Sun Aug 31 17:55:19 +0000 2025","0","Ada yg aneh?? Kenpa UU PERAMPASAN ASSET sama sekali GA DISINGGUNG oleh Prabowo ktika bertemu Ketua2 Partai Ketua DPR MPR dan beberapa menterinya. Padahal ini salah satu poin. TUNTUTAN UTAMA demonstrasi rakyat. Tren X : Intel Demo Hoax Makar Darurat Militer","1962212618313343291","","","in","","0","0","0","https://x.com/undefined/status/1962212618313343291","1344271806107058178",
"1962035836436041902","Sun Aug 31 06:12:50 +0000 2025","4","Negara ini ancur tuh karena wakil rakyat nirempati gak mau nemuin rakyat. Bukan karena demo.","1962035836436041902","","","in","","0","2","1","https://x.com/undefined/status/1962035836436041902","51340701",
"1962066242350756293","Sun Aug 31 08:13:40 +0000 2025","8","kata gue cukup demo nya hari ini Senin itu krusial klo masih demo besok ekonomi yg kena IHSG bisa terjun rakyat bawah sengsara bocil gk bisa sekolah DPR Puan keknya gk ada mau gerak Presiden turun and act","1962066242350756293","","","in","","0","0","0","https://x.com/undefined/status/1962066242350756293","1748278545909170176",
"1962178091264127172","Sun Aug 31 15:38:07 +0000 2025","1","Di Negara ini demo damai dan santun itu tak akan di tanggapi digubris dan di dengar dan kalo bisa dipadamkan sebelum diskusi. Mereka mau dengar klo sudah rusuh chaos dan ada nyawa yang melayang dan mulai merasa terancam. Setuli itu memang pemerintah &amp; wakil2 partai di DPR sana","1962178091264127172","","","in","","0","0","0","https://x.com/undefined/status/1962178091264127172","2989319005",
"1962089906383335730","Sun Aug 31 09:47:42 +0000 2025","2","Besok tgl 1 September hari Senin wktunya kmbali kkantor.. Kalo mau amarah rakyat segera mereda demo cepat berakhir tolonglah ketua DPR n anggota lainnya temui rakyat rakyat it atasan kalian yg gaji kalian..","1962089906383335730","","","in","","0","1","0","https://x.com/undefined/status/1962089906383335730","1305046531666452480",
"1962133651191390243","Sun Aug 31 12:41:31 +0000 2025","0","Di negara lain kalo demo ya pasti dpr nya yang maju lah disini malah ada demo buat dpr. Trs kalo dpr ga guna buat apaa ada perwakilan rakyat kalo rakyatnya sendiri yang harus turun.","1962133651191390243","","","in","","0","0","0","https://x.com/undefined/status/1962133651191390243","383048240",
"1962208905205018960","Sun Aug 31 17:40:33 +0000 2025","0","Jelang Demo DPR Dukungan Logistik untuk Aliansi Rakyat Aceh Terus Mengalir https://t.co/IXY0VMKWiM","1962208905205018960","","","in","","0","0","0","https://x.com/undefined/status/1962208905205018960","1238486702550728706",
"1962167694754742278","Sun Aug 31 14:56:48 +0000 2025","2","stress anak DPR RI in this situasi malah pesta dan para pejabatnya dateng semua skwkkww pesta anak pejabat &gt;&gt;&gt;&gt; rakyat demo ampe meninggal meninggal","1962167694754742278","","","in","","0","0","0","https://x.com/undefined/status/1962167694754742278","1534777829732536320",
"1962187964966203573","Sun Aug 31 16:17:21 +0000 2025","0","Ini paling tepat menjelaskan demo saat ini. Bukan hanya DPR tapi kebijakan pemerintah yang menaikkan anggaran DPR besar sekali namun memaksa efisiensi rakyat kecil. DPR hanya pemicu. Demo Tak Ditunggangi Tapi Murni Dipicu Masalah Ekonomi https://t.co/kfr649Bnqp via @YouTube","1962187964966203573","","","in","","0","0","0","https://x.com/undefined/status/1962187964966203573","1413761782238253062",
"1962158773457629269","Sun Aug 31 14:21:21 +0000 2025","0","besok2 dpr klau kgk mau di demo krn buat kputusan absurd g manuk logika rapat nya by sg aja open polling biar rakyat yang milih","1962158773457629269","","","in","","0","1","0","https://x.com/undefined/status/1962158773457629269","1138358423102210048",
"1962161467815551156","Sun Aug 31 14:32:03 +0000 2025","0","Ini pemerintah ngerti apa mau rakyat apa enggak sih. Udah banyak korban jiwa gini yang menuntut haknya. DPR ga guna anjir suara rakyat selalu dari demo baru didengerin-- itu pun kalau didenger","1962161467815551156","","","in","","0","0","0","https://x.com/undefined/status/1962161467815551156","1296274704978903041",
"1962136833879630040","Sun Aug 31 12:54:10 +0000 2025","0","Tujuan awal demo DPR adlh demi keadilan tapi merusak fasilitas umum juga menjarah rakyat sendiri apa itu pejuang???itu pengecut namanya atau banci ","1962136833879630040","","","in","","0","0","0","https://x.com/undefined/status/1962136833879630040","1498598010",
"1962287634543505877","Sun Aug 31 22:53:24 +0000 2025","0","gamau maafin dpr dan pemerintah karna menghalang aktivitas gua berobat dikarenkan demo besar2an serentak hari ini","1962287634543505877","","","in","","0","0","0","https://x.com/undefined/status/1962287634543505877","1091276189828706305",
"1962090916614897671","Sun Aug 31 09:51:43 +0000 2025","0","kalo ngeliat demo drpan dpr tuh ngenes bgt. rakyat dibatasi pagar besi tinggi mau ketemu wakil rakyatnya. demo sampe abis waktu gan juga ketemu dpr. rakyat cuma mau ngomong diskusi. tapi gak ada ruang dan dibiarkan gitu aja.","1962090916614897671","","","in","","0","0","0","https://x.com/undefined/status/1962090916614897671","1099211611695243266",
